<?xml version="1.0" encoding="UTF-8"?>
<project-private xmlns="http://www.netbeans.org/ns/project-private/1">
    <editor-bookmarks xmlns="http://www.netbeans.org/ns/editor-bookmarks/2" lastBookmarkId="0"/>
    <open-files xmlns="http://www.netbeans.org/ns/projectui-open-files/2">
        <group>
            <file>file:/D:/workspace/NetBeansProjects/WebAppDevLab4/src/java/LoginCheckCookie.java</file>
            <file>file:/D:/workspace/NetBeansProjects/WebAppDevLab4/web/LoginProfile.jsp</file>
            <file>file:/D:/workspace/NetBeansProjects/WebAppDevLab4/src/java/LoginCheckAccount.java</file>
            <file>file:/D:/workspace/NetBeansProjects/WebAppDevLab4/src/java/Logout.java</file>
            <file>file:/D:/workspace/NetBeansProjects/WebAppDevLab4/web/LoginWelcome.jsp</file>
            <file>file:/D:/workspace/NetBeansProjects/WebAppDevLab4/web/TestLogin.jsp</file>
            <file>file:/D:/workspace/NetBeansProjects/WebAppDevLab4/src/java/ShowSession.java</file>
        </group>
    </open-files>
</project-private>
